{
  "version": "1.0.0",
  "entities": [
    {
      "entity": "marcus_entity",
      "attribute": "Type",
      "value": {
        "type": 6, // Relationship entity
        "value": "person_entity"
      },
      "metadata": {
        "name": "Marcus",
        "description": "An individual person who owns objects",
        "created_at": "2025-02-21T10:00:00Z"
      }
    },
    {
      "entity": "camera_entity",
      "attribute": "Type",
      "value": {
        "type": 6,
        "value": "object_entity"
      },
      "metadata": {
        "name": "Camera",
        "brand": "Fuji",
        "model": "X-T30 II",
        "description": "A digital camera used for photography",
        "created_at": "2025-02-21T10:01:00Z"
      }
    },
    {
      "entity": "camera_entity",
      "attribute": "Color",
      "value": {
        "type": 1,
        "value": "Black"
      }
    },
    {
      "entity": "camera_entity",
      "attribute": "Megapixels",
      "value": {
        "type": 2,
        "value": "26.1"
      }
    },
    {
      "entity": "owns_relation_type_entity",
      "attribute": "Type",
      "value": {
        "type": 6,
        "value": "relation_entity"
      },
      "metadata": {
        "name": "Owns",
        "description": "Defines ownership relationships",
        "created_at": "2025-02-21T10:02:00Z"
      }
    },
    {
      "entity": "marcus_owns_camera_relation_entity",
      "attribute": "Uses Relation Type",
      "value": {
        "type": 6,
        "value": "owns_relation_type_entity"
      },
      "metadata": {
        "name": "Marcus Owns Camera",
        "description": "A specific instance of ownership",
        "created_at": "2025-02-21T10:03:00Z"
      }
    },
    {
      "entity": "marcus_owns_camera_relation_entity",
      "attribute": "From Entity",
      "value": {
        "type": 6,
        "value": "marcus_entity"
      }
    },
    {
      "entity": "marcus_owns_camera_relation_entity",
      "attribute": "To Entity",
      "value": {
        "type": 6,
        "value": "camera_entity"
      }
    },
    {
      "entity": "marcus_owns_camera_relation_entity",
      "attribute": "Purchase Date",
      "value": {
        "type": 5,
        "value": "2023-06-15T12:00:00Z"
      }
    }
  ]
}
