[
  {
    "entityId": "AmbPXm5GHTGzpyTQeS3Nsk",
    "triples": [
      {
        "attributeId": "LuBWqZAu6pz54eiJS5mLv8",
        "entityId": "AmbPXm5GHTGzpyTQeS3Nsk",
        "value": {
          "type": "TEXT",
          "value": "BR-DMO-25-00104"
        }
      },
      {
        "attributeId": "LA1DqP5v6QAdsgLPXGF3YA",
        "entityId": "AmbPXm5GHTGzpyTQeS3Nsk",
        "value": {
          "type": "TEXT",
          "value": "Demolition of destroyed trailer home due to the storm"
        }
      },
      {
        "attributeId": "SyaPQfHTf3uxTAqwhuMHHa",
        "entityId": "AmbPXm5GHTGzpyTQeS3Nsk",
        "value": {
          "type": "TEXT",
          "value": "Residential Demolition"
        }
      },
      {
        "attributeId": "DfjyQFDy6k4dW9XaSgYttn",
        "entityId": "AmbPXm5GHTGzpyTQeS3Nsk",
        "value": {
          "type": "TEXT",
          "value": "10636 GANDY BLVD, 43, ST PETERSBURG 33702"
        }
      },
      {
        "attributeId": "5yDjGNQEErVNpVZ3c61Uib",
        "entityId": "AmbPXm5GHTGzpyTQeS3Nsk",
        "value": {
          "type": "TEXT",
          "value": "Mobile Home Demolition"
        }
      },
      {
        "attributeId": "3UP1qvruj8SipH9scUz1EY",
        "entityId": "AmbPXm5GHTGzpyTQeS3Nsk",
        "value": {
          "type": "TEXT",
          "value": "Awaiting Plans"
        }
      }
    ]
  },
  {
    "entityId": "LKPqU3mi6T9ytK4Y88Rmau",
    "triples": [
      {
        "attributeId": "LuBWqZAu6pz54eiJS5mLv8",
        "entityId": "LKPqU3mi6T9ytK4Y88Rmau",
        "value": {
          "type": "TEXT",
          "value": "BC-ELE-25-00045"
        }
      },
      {
        "attributeId": "LA1DqP5v6QAdsgLPXGF3YA",
        "entityId": "LKPqU3mi6T9ytK4Y88Rmau",
        "value": {
          "type": "TEXT",
          "value": "Fire Alarm Panel Relocate"
        }
      },
      {
        "attributeId": "SyaPQfHTf3uxTAqwhuMHHa",
        "entityId": "LKPqU3mi6T9ytK4Y88Rmau",
        "value": {
          "type": "TEXT",
          "value": "Commercial Electrical"
        }
      },
      {
        "attributeId": "DfjyQFDy6k4dW9XaSgYttn",
        "entityId": "LKPqU3mi6T9ytK4Y88Rmau",
        "value": {
          "type": "TEXT",
          "value": "10596 GANDY BLVD, ST PETERSBURG FL 33702"
        }
      },
      {
        "attributeId": "5yDjGNQEErVNpVZ3c61Uib",
        "entityId": "LKPqU3mi6T9ytK4Y88Rmau",
        "value": {
          "type": "TEXT",
          "value": "(FLAG) CS - FIRE ALARM - Goodwill Suncoast"
        }
      },
      {
        "attributeId": "3UP1qvruj8SipH9scUz1EY",
        "entityId": "LKPqU3mi6T9ytK4Y88Rmau",
        "value": {
          "type": "TEXT",
          "value": "Incomplete Submittal"
        }
      }
    ]
  },
  {
    "entityId": "HdpwgfgqXmvAFLyvrmrbTB",
    "triples": [
      {
        "attributeId": "LuBWqZAu6pz54eiJS5mLv8",
        "entityId": "HdpwgfgqXmvAFLyvrmrbTB",
        "value": {
          "type": "TEXT",
          "value": "EBP-25-02988"
        }
      },
      {
        "attributeId": "LA1DqP5v6QAdsgLPXGF3YA",
        "entityId": "HdpwgfgqXmvAFLyvrmrbTB",
        "value": {
          "type": "TEXT",
          "value": "Reroof 21sq. with Owens Corning shingles FL10674.1 R20 and Owens Corning Underlayment FL15216.1 R13. Reroof 4sq. flat roof with CertainTeed Modified FL2533.1 R32"
        }
      },
      {
        "attributeId": "SyaPQfHTf3uxTAqwhuMHHa",
        "entityId": "HdpwgfgqXmvAFLyvrmrbTB",
        "value": {
          "type": "TEXT",
          "value": "Express Building Permit"
        }
      },
      {
        "attributeId": "DfjyQFDy6k4dW9XaSgYttn",
        "entityId": "HdpwgfgqXmvAFLyvrmrbTB",
        "value": {
          "type": "TEXT",
          "value": "6443 26TH WAY N, ST PETERSBURG FL 33702"
        }
      },
      {
        "attributeId": "5yDjGNQEErVNpVZ3c61Uib",
        "entityId": "HdpwgfgqXmvAFLyvrmrbTB",
        "value": {
          "type": "TEXT",
          "value": "Toebaas"
        }
      },
      {
        "attributeId": "3UP1qvruj8SipH9scUz1EY",
        "entityId": "HdpwgfgqXmvAFLyvrmrbTB",
        "value": {
          "type": "TEXT",
          "value": "Issued"
        }
      }
    ]
  },
  {
    "entityId": "4XKaYXSTiqxpMFSes3PKsx",
    "triples": [
      {
        "attributeId": "LuBWqZAu6pz54eiJS5mLv8",
        "entityId": "4XKaYXSTiqxpMFSes3PKsx",
        "value": {
          "type": "TEXT",
          "value": "25TMP-011454"
        }
      },
      {
        "attributeId": "LA1DqP5v6QAdsgLPXGF3YA",
        "entityId": "4XKaYXSTiqxpMFSes3PKsx",
        "value": {
          "type": "TEXT",
          "value": "Disconnect old service meter, provide a new 150 amp meter main service box, and add 1 GFCI receptacle for temp power. New meter and service will be permanent after temp power."
        }
      },
      {
        "attributeId": "SyaPQfHTf3uxTAqwhuMHHa",
        "entityId": "4XKaYXSTiqxpMFSes3PKsx",
        "value": {
          "type": "TEXT",
          "value": "Express Building Permit"
        }
      },
      {
        "attributeId": "DfjyQFDy6k4dW9XaSgYttn",
        "entityId": "4XKaYXSTiqxpMFSes3PKsx",
        "value": {
          "type": "TEXT",
          "value": "6599 31ST ST N, ST PETERSBURG FL 33702"
        }
      },
      {
        "attributeId": "5yDjGNQEErVNpVZ3c61Uib",
        "entityId": "4XKaYXSTiqxpMFSes3PKsx",
        "value": {
          "type": "TEXT",
          "value": "New Meter Main"
        }
      },
      {
        "attributeId": "3UP1qvruj8SipH9scUz1EY",
        "entityId": "4XKaYXSTiqxpMFSes3PKsx",
        "value": {
          "type": "TEXT",
          "value": "N/A"
        }
      }
    ]
  },
  {
    "entityId": "Mwbb4k2zkmjqBzC9F6RGvf",
    "triples": [
      {
        "attributeId": "LuBWqZAu6pz54eiJS5mLv8",
        "entityId": "Mwbb4k2zkmjqBzC9F6RGvf",
        "value": {
          "type": "TEXT",
          "value": "EBP-25-02793"
        }
      },
      {
        "attributeId": "LA1DqP5v6QAdsgLPXGF3YA",
        "entityId": "Mwbb4k2zkmjqBzC9F6RGvf",
        "value": {
          "type": "TEXT",
          "value": "Remove old roofing system and install Atlas Shingle roofing system (30sq with 4/12 pitch). PPI - Nobility Inspections"
        }
      },
      {
        "attributeId": "SyaPQfHTf3uxTAqwhuMHHa",
        "entityId": "Mwbb4k2zkmjqBzC9F6RGvf",
        "value": {
          "type": "TEXT",
          "value": "Express Building Permit"
        }
      },
      {
        "attributeId": "DfjyQFDy6k4dW9XaSgYttn",
        "entityId": "Mwbb4k2zkmjqBzC9F6RGvf",
        "value": {
          "type": "TEXT",
          "value": "6563 28TH ST N, ST PETERSBURG FL 33702"
        }
      },
      {
        "attributeId": "5yDjGNQEErVNpVZ3c61Uib",
        "entityId": "Mwbb4k2zkmjqBzC9F6RGvf",
        "value": {
          "type": "TEXT",
          "value": "Brad Graham - Florida Real Estate Mgt. Invest."
        }
      },
      {
        "attributeId": "3UP1qvruj8SipH9scUz1EY",
        "entityId": "Mwbb4k2zkmjqBzC9F6RGvf",
        "value": {
          "type": "TEXT",
          "value": "Issued"
        }
      }
    ]
  },
  {
    "entityId": "BkD4b7GAcQP9mKsFQCrfnW",
    "triples": [
      {
        "attributeId": "LuBWqZAu6pz54eiJS5mLv8",
        "entityId": "BkD4b7GAcQP9mKsFQCrfnW",
        "value": {
          "type": "TEXT",
          "value": "BR-PLB-25-00053"
        }
      },
      {
        "attributeId": "LA1DqP5v6QAdsgLPXGF3YA",
        "entityId": "BkD4b7GAcQP9mKsFQCrfnW",
        "value": {
          "type": "TEXT",
          "value": "Replace 40-gallon water heater"
        }
      },
      {
        "attributeId": "SyaPQfHTf3uxTAqwhuMHHa",
        "entityId": "BkD4b7GAcQP9mKsFQCrfnW",
        "value": {
          "type": "TEXT",
          "value": "Residential Plumbing"
        }
      },
      {
        "attributeId": "DfjyQFDy6k4dW9XaSgYttn",
        "entityId": "BkD4b7GAcQP9mKsFQCrfnW",
        "value": {
          "type": "TEXT",
          "value": "3231 66TH AVE N, ST PETERSBURG FL 33702"
        }
      },
      {
        "attributeId": "5yDjGNQEErVNpVZ3c61Uib",
        "entityId": "BkD4b7GAcQP9mKsFQCrfnW",
        "value": {
          "type": "TEXT",
          "value": "Ashley Fischer"
        }
      },
      {
        "attributeId": "3UP1qvruj8SipH9scUz1EY",
        "entityId": "BkD4b7GAcQP9mKsFQCrfnW",
        "value": {
          "type": "TEXT",
          "value": "Awaiting Plans"
        }
      }
    ]
  },
  {
    "entityId": "EcvsAsoR1fbvHhJixGPfC8",
    "triples": [
      {
        "attributeId": "LuBWqZAu6pz54eiJS5mLv8",
        "entityId": "EcvsAsoR1fbvHhJixGPfC8",
        "value": {
          "type": "TEXT",
          "value": "BR-ELE-25-00132"
        }
      },
      {
        "attributeId": "LA1DqP5v6QAdsgLPXGF3YA",
        "entityId": "EcvsAsoR1fbvHhJixGPfC8",
        "value": {
          "type": "TEXT",
          "value": "Add a 150 amp meter main/tug box disconnect on side of house for temp service. Will be a permanent system after temp use."
        }
      },
      {
        "attributeId": "SyaPQfHTf3uxTAqwhuMHHa",
        "entityId": "EcvsAsoR1fbvHhJixGPfC8",
        "value": {
          "type": "TEXT",
          "value": "Residential Electrical"
        }
      },
      {
        "attributeId": "DfjyQFDy6k4dW9XaSgYttn",
        "entityId": "EcvsAsoR1fbvHhJixGPfC8",
        "value": {
          "type": "TEXT",
          "value": "6599 31ST ST N, ST PETERSBURG FL 33702"
        }
      },
      {
        "attributeId": "5yDjGNQEErVNpVZ3c61Uib",
        "entityId": "EcvsAsoR1fbvHhJixGPfC8",
        "value": {
          "type": "TEXT",
          "value": "Meter Main"
        }
      },
      {
        "attributeId": "3UP1qvruj8SipH9scUz1EY",
        "entityId": "EcvsAsoR1fbvHhJixGPfC8",
        "value": {
          "type": "TEXT",
          "value": "Closed - Withdrawn"
        }
      }
    ]
  },
  {
    "entityId": "4eFdAVYs3xaS1oJwfEYGwe",
    "triples": [
      {
        "attributeId": "LuBWqZAu6pz54eiJS5mLv8",
        "entityId": "4eFdAVYs3xaS1oJwfEYGwe",
        "value": {
          "type": "TEXT",
          "value": "BR-SFR-24-00209.001"
        }
      },
      {
        "attributeId": "LA1DqP5v6QAdsgLPXGF3YA",
        "entityId": "4eFdAVYs3xaS1oJwfEYGwe",
        "value": {
          "type": "TEXT",
          "value": "Shifting the house 4' to the North to allow for more room between the new build and the adjacent home."
        }
      },
      {
        "attributeId": "SyaPQfHTf3uxTAqwhuMHHa",
        "entityId": "4eFdAVYs3xaS1oJwfEYGwe",
        "value": {
          "type": "TEXT",
          "value": "Residential Revision-Supplement"
        }
      },
      {
        "attributeId": "DfjyQFDy6k4dW9XaSgYttn",
        "entityId": "4eFdAVYs3xaS1oJwfEYGwe",
        "value": {
          "type": "TEXT",
          "value": "6485 31ST ST N, ST PETERSBURG FL 33702"
        }
      },
      {
        "attributeId": "5yDjGNQEErVNpVZ3c61Uib",
        "entityId": "4eFdAVYs3xaS1oJwfEYGwe",
        "value": {
          "type": "TEXT",
          "value": "Revision Request (BR-SFR-24-00209)"
        }
      },
      {
        "attributeId": "3UP1qvruj8SipH9scUz1EY",
        "entityId": "4eFdAVYs3xaS1oJwfEYGwe",
        "value": {
          "type": "TEXT",
          "value": "Closed - Supp-Rev Approved"
        }
      }
    ]
  },
  {
    "entityId": "HAunSDemrtU5Gde2NGgdYb",
    "triples": [
      {
        "attributeId": "LuBWqZAu6pz54eiJS5mLv8",
        "entityId": "HAunSDemrtU5Gde2NGgdYb",
        "value": {
          "type": "TEXT",
          "value": "BC-DMO-25-00005"
        }
      },
      {
        "attributeId": "LA1DqP5v6QAdsgLPXGF3YA",
        "entityId": "HAunSDemrtU5Gde2NGgdYb",
        "value": {
          "type": "TEXT",
          "value": "Full commercial building demolition"
        }
      },
      {
        "attributeId": "SyaPQfHTf3uxTAqwhuMHHa",
        "entityId": "HAunSDemrtU5Gde2NGgdYb",
        "value": {
          "type": "TEXT",
          "value": "Commercial Demolition"
        }
      },
      {
        "attributeId": "DfjyQFDy6k4dW9XaSgYttn",
        "entityId": "HAunSDemrtU5Gde2NGgdYb",
        "value": {
          "type": "TEXT",
          "value": "10490 GANDY BLVD, ST PETERSBURG FL 33702"
        }
      },
      {
        "attributeId": "5yDjGNQEErVNpVZ3c61Uib",
        "entityId": "HAunSDemrtU5Gde2NGgdYb",
        "value": {
          "type": "TEXT",
          "value": "Kennel Club"
        }
      },
      {
        "attributeId": "3UP1qvruj8SipH9scUz1EY",
        "entityId": "HAunSDemrtU5Gde2NGgdYb",
        "value": {
          "type": "TEXT",
          "value": "Awaiting Plans"
        }
      }
    ]
  },
  {
    "entityId": "Nn8h2e6o2jEH7p8DNoUsju",
    "triples": [
      {
        "attributeId": "LuBWqZAu6pz54eiJS5mLv8",
        "entityId": "Nn8h2e6o2jEH7p8DNoUsju",
        "value": {
          "type": "TEXT",
          "value": "EBP-25-02511"
        }
      },
      {
        "attributeId": "LA1DqP5v6QAdsgLPXGF3YA",
        "entityId": "Nn8h2e6o2jEH7p8DNoUsju",
        "value": {
          "type": "TEXT",
          "value": "Remove and replace 18sq of shingles"
        }
      },
      {
        "attributeId": "SyaPQfHTf3uxTAqwhuMHHa",
        "entityId": "Nn8h2e6o2jEH7p8DNoUsju",
        "value": {
          "type": "TEXT",
          "value": "Express Building Permit"
        }
      },
      {
        "attributeId": "DfjyQFDy6k4dW9XaSgYttn",
        "entityId": "Nn8h2e6o2jEH7p8DNoUsju",
        "value": {
          "type": "TEXT",
          "value": "10947 1ST WAY N, ST PETERSBURG FL 33702"
        }
      },
      {
        "attributeId": "5yDjGNQEErVNpVZ3c61Uib",
        "entityId": "Nn8h2e6o2jEH7p8DNoUsju",
        "value": {
          "type": "TEXT",
          "value": "Mitchell residence"
        }
      },
      {
        "attributeId": "3UP1qvruj8SipH9scUz1EY",
        "entityId": "Nn8h2e6o2jEH7p8DNoUsju",
        "value": {
          "type": "TEXT",
          "value": "Submitted"
        }
      }
    ]
  },
  {
    "entityId": "8BGLR3mPjbK7AmP2Zg8v4T",
    "triples": [
      {
        "attributeId": "LuBWqZAu6pz54eiJS5mLv8",
        "entityId": "8BGLR3mPjbK7AmP2Zg8v4T",
        "value": {
          "type": "TEXT",
          "value": "BR-SOL-24-00780.001"
        }
      },
      {
        "attributeId": "LA1DqP5v6QAdsgLPXGF3YA",
        "entityId": "8BGLR3mPjbK7AmP2Zg8v4T",
        "value": {
          "type": "TEXT",
          "value": "The main meter is under 200A. Need to change the meter to a main meter combo, relocate breaker injection, and remove the feed-through panel."
        }
      },
      {
        "attributeId": "SyaPQfHTf3uxTAqwhuMHHa",
        "entityId": "8BGLR3mPjbK7AmP2Zg8v4T",
        "value": {
          "type": "TEXT",
          "value": "Residential Revision-Supplement"
        }
      },
      {
        "attributeId": "DfjyQFDy6k4dW9XaSgYttn",
        "entityId": "8BGLR3mPjbK7AmP2Zg8v4T",
        "value": {
          "type": "TEXT",
          "value": "2628 65TH AVE N, ST PETERSBURG FL 33702"
        }
      },
      {
        "attributeId": "5yDjGNQEErVNpVZ3c61Uib",
        "entityId": "8BGLR3mPjbK7AmP2Zg8v4T",
        "value": {
          "type": "TEXT",
          "value": "Revision Request (BR-SOL-24-00780)"
        }
      },
      {
        "attributeId": "3UP1qvruj8SipH9scUz1EY",
        "entityId": "8BGLR3mPjbK7AmP2Zg8v4T",
        "value": {
          "type": "TEXT",
          "value": "In Review"
        }
      }
    ]
  }
]